id;donation_name;contact_details;billing_address;amount;description;donation_type;date_and_time;email
1;positively or while;anodise faithfully aw;utterly;provided;beneficial;toy;comment;Fanny.Simonis@gmail.com
2;phooey spread;volumise phooey;splice fetch;thin incidence above;easily;silver healthily lag;bravely;Dashawn_Gibson@yahoo.com
3;praise jubilant gadzooks;reverberate across photocopy;roust revert;until mantle;plant quaintly;hourly tremendous;qua eyebrows pulp;Hertha87@yahoo.com
4;utterly;juice;grubby;the beyond;fibroblast instead;hm yahoo fluster;tidy;Yoshiko81@gmail.com
5;vault cohabit um;jubilantly inasmuch rivet;toward tough till;yum secondary yum;cello call;spoil;gosh ha despite;Carolyne_Doyle@gmail.com
6;nanoparticle duh;flap;times;now unless;eyeliner swordfight;noisy dinghy sandbar;mutilate when quintessential;Casimer_Dietrich@gmail.com
7;cite mirror welcome;dark handsome mid;though though reset;whereas;angrily;sideburns mechanically youthfully;ah;Janice_Blanda@gmail.com
8;playfully gah;quickly pace;somber before;irrigation till dispute;lest normal modulo;mutilate;wrathful appropriate meh;Malinda35@yahoo.com
9;square;beetle;skirt uh-huh;nor pretty;than theft fast;bah echo;loyally;Leora.Durgan64@hotmail.com
10;brr;boohoo;up;before ugh until;prescription devalue ew;sympathetically thankfully;ha harmonious;Carrie_Schuster@gmail.com
