id;login;password;first_name;last_name;email;activated;lang_key;activation_key;reset_key;reset_date;profile_picture;image_url
1;horn yuck times;once;Breanne;Schulist;Trycia_Ondricka33@yahoo.com;true;towards swine ew;aw earrings afore;ripen stipple;2024-10-24T01:50:31;ugh;wherever rupture
2;yuck calcify powerfully;afterwards up;Cassandre;Raynor;Breanne.Wilkinson64@hotmail.com;false;babyish estuary fervently;forenenst notwithstanding;build;2024-10-23T23:08:19;meh ha;after
3;striking;for aside;Rachael;Cummings;Euna.Medhurst70@yahoo.com;false;and;disappointment boohoo toward;brr mortally;2024-10-24T04:46:41;yahoo angrily agonizing;pfft however
4;reluctantly tremendous;under;Jayden;Upton;Sabryna84@gmail.com;true;gah;ferociously more elucidate;with loudly;2024-10-23T23:03:05;wherever but taste;modulo
5;yowza for;jittery;Lawrence;Mosciski;Gertrude93@hotmail.com;true;up but;save tomorrow meatloaf;trailer elated;2024-10-24T11:53:26;while;kick pertinent
6;duck;within brightly;Delores;Kunde;Marlene.Stehr18@hotmail.com;true;knowledgeably annually;when except since;fulfillment suppress which;2024-10-23T22:46:28;genie;wherever subsist apud
7;livestock;fatally dialect qua;May;Sawayn;Jonathon.Abernathy@hotmail.com;false;foolhardy burdensome courageously;officially failing;amid;2024-10-23T20:49:58;geez;atomise last
8;afraid handsome woot;within afore worn;Johnpaul;Kunde;Rickie_Hickle@hotmail.com;true;meh;pancreas hovercraft discharge;ah yahoo unto;2024-10-24T15:10:16;sore inwardly per;winged picket voice
9;parboil vandalise;barge swift;Ceasar;Balistreri;Alfonzo.Hoppe@gmail.com;false;consonant;notwithstanding unless waterfront;quietly following;2024-10-24T07:59:22;or quirky;hastily
10;overpay;folklore once;Britney;Nader;Constantin69@gmail.com;false;ew extremely pfft;unbearably sphere;shelter eek patiently;2024-10-24T17:38:44;ah mineshaft;whether songbird even
