id;job_name;company_name;location;salary_details;job_description;expire_date;job_apply_method;file_upload;email
1;gadzooks atomize;quarrelsomely leach;worry jaw geez;prance sledge;unless;through;horrible stone incidentally;cruelly cede;Mia.MacGyver@gmail.com
2;uh-huh;drat brr endothelium;loathsome;though sail kind;wombat excluding;upright upward equation;attempt ick where;doctrine;Grady.Hickle@gmail.com
3;aha;whether story-telling;excluding past lest;weekender;imbibe;around;coolly black-and-white sort;lest after but;Hope_Wolff@gmail.com
4;conviction wisely across;apropos whereas longitude;phooey access trout;considering nor satisfied;if;gestate specify minty;perpetrate ew;socks micronutrient;Winnifred.Reynolds@gmail.com
5;without inquiry;enchanting well-lit lightning;toward;onto aw brandish;destination;quarantine gem;unabashedly;tasty;Daron.Abshire49@gmail.com
6;descriptive plaintive lively;wisely hm vacantly;anenst times unless;for;interpenetrate railway greatly;implement round freely;demanding norm;chive innocently;Lesly33@hotmail.com
7;throughout inside;function;regular;very motion;consequently ugh pure;doubtfully;chemical although;wetly ah;Ursula.Hoeger@hotmail.com
8;influence because;garrison;flowery fast;royal annually;huzzah lunge;crossly knowingly beyond;substantial;till meanwhile academic;Florida.Becker-Rutherford97@gmail.com
9;purge dreamily;yum;consign;sanitize abnormally;bath complicated;limply born;like;furthermore finally clearly;Princess.Weissnat62@gmail.com
10;when complaint ugh;ironclad gleeful after;fundraising;mutate to behind;elementary frivolous mortally;truly hex;whether;dearly whose tenderly;Eugenia52@hotmail.com
